id,fullname
1,Ceil Glasner
2,Wally Goldes
3,Jerrylee Exton
4,Laryssa Potticary
5,Vivien Layborn
6,Sophey Slaten
7,Sande Ruzicka
8,Bidget Everett
9,Claybourne Evelyn
10,Lyndsie Pearmain
11,Sydney Itzak
12,Hetti Hodinton
13,Allissa Assender
14,Ricky Bromby
15,Griffie Roscamps
16,Frasier Delos
17,Cchaddie Ivashkin
18,Janka Nitto
19,Hedvig Littrik
20,Dorothee Bischof
21,Osbourn Stave
22,Kiley Henden
23,Tyrone Esseby
24,Tobiah Gibben
25,Austin Mogie
26,Ileane Trembath
27,Berton Jennick
28,Germayne Ortsmann
29,Elissa Nial
30,Ugo Bosence
31,Twila Healey
32,Marietta Cowlard
33,Orelee Cumber
34,Chantal Strang
35,Annalee Fontaine
36,Jordan Dufaur
37,Gun Elland
38,Mattias Aldrick
39,Ashla Crispe
40,Luz Ausiello
41,Clayborn Blesdill
42,Brooke De Fries
43,Tera Bras
44,Marrissa Beekmann
45,Phillida Mathevon
46,Tammie Devonshire
47,Serene Reglar
48,Gaylor Jezard
49,Trey Elan
50,Jerrylee Kaysor
51,Marcos Greest
52,Winn Coushe
53,Rea Ryal
54,Shaylah Noke
55,Ranee Weymont
56,Simone Spearman
57,Bernardina Golsworthy
58,Godiva Halbert
59,Mireille Cobley
60,Glory Sheasby
61,Laurel Whaley
62,Udall Toplis
63,Reynold Kibby
64,Leda O' Clovan
65,Karlik Stapleford
66,Patty Saurat
67,Zorah Baselli
68,Nathanael Sarfass
69,Karine Paiton
70,Marieann Oleshunin
71,Inigo Toulmin
72,Witty Blueman
73,Verney Godmar
74,Feliza Maunder
75,Flori Willshee
76,Consalve Pashba
77,Josey Aizikovich
78,Mindy Malicki
79,Ryun Heinzel
80,Karyn Davidovitz
81,Jocko Martellini
82,Kassey Romanetti
83,Jasmine Escritt
84,Valentino Runcieman
85,Sondra Hallyburton
86,Vivian MacDonogh
87,Esteban Cecely
88,Adel Hallor
89,Dena Bygrove
90,Decca Fulford
91,Bradney Lillow
92,Kelly Coxon
93,Hobart Klimke
94,Evonne Blogg
95,Mabel Stoven
96,Eirena Winborn
97,Laura Stenner
98,Carleen Wais
99,Katy Surmeyers
100,Whitman Potte
101,Julina Taffarello
102,Wilow Aldren
103,Happy Kenningley
104,Jess Marple
105,Becky Casillis
106,Ignatius Udall
107,Gabbie Laugharne
108,Codie Giraux
109,Herve Voaden
110,Heinrick Feckey
111,Hildegarde Bandy
112,Marijo Sommerlie
113,Ketti Brugh
114,Vito MacFadzan
115,Tiffie Hudd
116,Chantalle Hazelgreave
117,Dehlia Shadfourth
118,Fernandina Bergin
119,Gordon Silvers
120,Tuckie Dwire
121,Jaime Macon
122,Vincenz O'Shaughnessy
123,Charmine Nuzzetti
124,Horace Enevold
125,Griff Bramley
126,Dorie Matkovic
127,Gav Martyn
128,Nata Laytham
129,Dniren Daughtry
130,Rana Gilliard
131,Becka Ebertz
132,Blaine Debrick
133,Jessa Oldroyde
134,Adrienne Eicke
135,Sherill Tullis
136,Bryan Fair
137,Frankie Eytel
138,Jordon Well
139,Gipsy Piddington
140,Brien Croysdale
141,Mendel Drees
142,Corey Iglesias
143,Dorey Shurman
144,Silva Stroder
145,Dennet Hardey
146,Paulie Pierce
147,Trude Hiers
148,Merrile McVey
149,Sisile Rowles
150,Farlie Withrington
151,Fanechka Denkel
152,Esme Camblin
153,Solomon Polack
154,Ofilia De Moreno
155,Raquela Cregan
156,Frederica Gifford
157,Carma Michelotti
158,Casandra Knottley
159,Nikkie Goldis
160,Miner Fryer
161,Dionne De Hoogh
162,Carson Pulham
163,Lindy Clemmens
164,Maureen Hallworth
165,Herby Bottrill
166,Fabien Kupka
167,Wat Attoc
168,Reagen Emloch
169,Marcello Prosh
170,Nanette Ninotti
171,Scot Kurth
172,Talyah Sulman
173,Ave Leborgne
174,Thibaut Bosward
175,Collin Hamflett
176,Ludvig Salmen
177,Nerita Gottelier
178,Goldarina Aubray
179,Rodolphe Yon
180,Audie Authers
181,Gustie Tamblyn
182,Chantal Baiden
183,Sherill Oaten
184,Wyndham Kitt
185,Verne Deporte
186,Rey Schooling
187,Edlin Willeson
188,Francois Seal
189,Beryle Kliesl
190,Terry Meriott
191,Derk MacMenemy
192,Willette Leverich
193,Ravid Stanistrete
194,Mag Firminger
195,Sherye Allibone
196,Giacobo Baud
197,Elysia Leveridge
198,Mark Beecheno
199,Atalanta Pringle
200,Mei Grigoryov
201,Ab Barter
202,Clint Tufts
203,Kenneth Pottle
204,Madalena Sparkwell
205,Angelo Wrotchford
206,Edik Dockreay
207,Rosabel Danher
208,Adams Peddersen
209,Rolando Forster
210,Christie Stoves
211,Colly Swatridge
212,Clerissa Roulston
213,Raviv Wrought
214,Richart Canero
215,Lin Denzey
216,Cyndie Rosenkranc
217,Thibaut Mc Caughan
218,Vito Elsegood
219,Liliane Shankle
220,Bjorn Heisler
221,Colas Castiglioni
222,Irving Heelis
223,Minta Robker
224,Berkley Wilkins
225,Artemis Butterfill
226,Binnie Lusher
227,Maxy Myhan
228,Una Gard
229,Salvador Edinburough
230,Stanley Bowcock
231,Manda Sinnocke
232,Marlo Lippitt
233,Jared Cawthry
234,Jessi Kearn
235,Cal Stockney
236,Marcello Clooney
237,Artie MacKenney
238,Annadiane Jurkiewicz
239,Donal Richardin
240,Guillermo Ritchie
241,Montague Bomb
242,Robbie Dudin
243,Jacobo Sine
244,Bat Fenlon
245,Chance Olivazzi
246,Martie Dignon
247,Grove Durtnel
248,Damara Antoniades
249,Torry Littlemore
250,Dasha Hegges
251,Xavier Sandwith
252,Hiram Eggle
253,Tamarah Puttergill
254,Leo Domonkos
255,Orrin Kilmister
256,Minta Raselles
257,Dun McKiddin
258,Manda Boundy
259,Brunhilda Gribble
260,Brandy Shord
261,Micheil Arrow
262,Barny Pedrick
263,Doris Bundey
264,Lanae Johnigan
265,Jorrie Benedtti
266,Margi Burleigh
267,Rhiamon Skeels
268,Forrest Parrett
269,Norene Jelly
270,Donica Bernhart
271,Pepe Dunsire
272,Brannon Bienvenu
273,Laurie Lemmer
274,Tait Stienton
275,Natka McIlwrick
276,Curr Bellfield
277,Josefa Cuel
278,Cyndie Bramhill
279,Trude Pembridge
280,Germaine Bilton
281,Jessika Townshend
282,Yasmeen Timperley
283,Warde Henkens
284,Karna Cotgrave
285,Lynnea Dionis
286,Junia Wardingly
287,Loria Fick
288,Kalinda Self
289,Jennifer Vail
290,Melloney Woodyear
291,Travus Matieu
292,Ailbert Chell
293,Manuel Brittin
294,Debi Lavalle
295,Christophorus Hartegan
296,Barri Del Checolo
297,Susann Gedge
298,Ker Edbrooke
299,Brnaba Attard
300,Jada Burdoun
301,Donelle Loseby
302,Dolley Luetkemeyers
303,Marchall Padmore
304,Sigvard Gerb
305,Lefty Alway
306,Wendeline Slimon
307,Fred Terrill
308,Aaren Wallis
309,Cherye Davidsohn
310,Iver Weth
311,Perri Marsh
312,Loella McKew
313,Mathew Vispo
314,Jens Luisetti
315,Carlotta Tolle
316,Zacharias Bertomeu
317,Jarrod Roulston
318,Frayda Gason
319,Karine Alyukin
320,Theodor Goodbourn
321,Brewster Andrioni
322,Ki Phinn
323,Preston Counter
324,Selie Srawley
325,Joly Massel
326,Caitlin Lammertz
327,Ulrica Caldeiro
328,Annmaria Glenwright
329,Ricardo Purchall
330,Chrotoem Cassy
331,Darlleen Ferrers
332,Irv Strongitharm
333,Aeriel Lorent
334,Shoshana Spyby
335,Felecia Folds
336,Humbert Mullany
337,Henriette Haysham
338,Waly Baseggio
339,Faye Toderbrugge
340,Nat Crighten
341,Simon Comins
342,Gorden Makey
343,Cassi Anthoney
344,Linell Niblo
345,Joan Whitley
346,Jase Kettles
347,Sib Roll
348,Adriana Iwanczyk
349,Coleen Blanking
350,Konstanze Broadberry
351,Tremain Hebborn
352,Faydra Cockell
353,Payton De Fraine
354,Margo Coil
355,Gavan Menguy
356,Alvera Trowsdall
357,Lazar Brigstock
358,Orelia Jeffree
359,Henrietta Ockland
360,Brit Kett
361,Tedman Flanders
362,Albrecht Torri
363,Farly Whitwood
364,Jessica Letchmore
365,Antons Haacker
366,Kaela Ryall
367,Diego Motton
368,Elisabet Lilian
369,Fanny Temblett
370,Pattie Claxson
371,Nydia Inchan
372,Laurens De Dei
373,Gaylene Gamble
374,Paige Paulou
375,Tandy Boord
376,Ransell Walder
377,Christabella Hannaway
378,Lilla Payn
379,Alyda Pegler
380,Dedra Craggs
381,Karl Wreak
382,Ag Lessmare
383,Ettore Prisk
384,Elissa Maddox
385,Lavinia Chrippes
386,Mel Koenraad
387,Raddy Piet
388,Culley Mearns
389,Gusty Lulham
390,Gianni Bellsham
391,Yoko Gauson
392,Marena Kidsley
393,Sharon Alfwy
394,Noell Keher
395,Edwina Ivashev
396,Arnuad Woltering
397,Evania Bourner
398,Dionysus Probyn
399,Simone Blonden
400,Helaina Eymor
401,Andee Eake
402,Olva Shepland
403,Leticia Crossan
404,Olwen Moatt
405,Britteny Burkett
406,Dolorita Stadding
407,Katrine Bedo
408,Kylie Duetsche
409,Ramsey Grossman
410,Myles Geistmann
411,Elene Coslett
412,Emanuele MacFadzan
413,Flemming Cocks
414,Kathleen Harner
415,Townie Haffenden
416,Travers Hucquart
417,Thor Jouhan
418,Jarred Bolderstone
419,Nefen Jennaroy
420,Jorie Labden
421,Grazia Bownd
422,Kirbie Edwards
423,Lin Gisbey
424,Allene Glowinski
425,Juliana Ackhurst
426,Florian Benettelli
427,Pedro Braunstein
428,Sterling Leathley
429,Laverne Sparks
430,Sheelah Saby
431,Euphemia Mc Grath
432,Woodman Bilsland
433,Timothy Wentworth
434,Annice Auden
435,Alison Liley
436,Anna Goding
437,Bastien Bassham
438,Lindsay Skippen
439,Tobe Rourke
440,Loydie Rogans
441,Clo Owlner
442,Raffaello Cobbald
443,Lyle Guerriero
444,Nero Humberstone
445,Leanor Greenard
446,Spense Queyeiro
447,Dorelle O'Howbane
448,Nap Sebert
449,Tybi Sibun
450,Fabiano Mehew
451,Dulcie Whellans
452,Kevyn Sewart
453,Chen Bourner
454,Kristos Kitteman
455,Cammi Dewane
456,Saunders Cranshaw
457,Tybalt Lorroway
458,Eadith Mangenot
459,Torrence Boulde
460,Hubey Briffett
461,Jackie Jindrich
462,Alberik Doubrava
463,Eleanore Humbatch
464,Beitris Clemett
465,Pall Bendtsen
466,Llewellyn Torrisi
467,Vaughan Awton
468,Angeli Fahrenbacher
469,Arielle Northen
470,Symon Emson
471,Earvin Raggitt
472,Leonard Greste
473,Sauncho Lidierth
474,Arv Atterbury
475,Salomi Tompsett
476,Lilian Mundie
477,Maxim Craw
478,Renie Gurnay
479,Honor Speachley
480,Martina Moncreiffe
481,Kate Poltun
482,Ellyn Stive
483,Matilda Barwood
484,Raven Sketcher
485,Chance Hattigan
486,Ferd Andryszczak
487,Dania Searle
488,June Haycroft
489,Raymond Nicholl
490,Theodor Giabuzzi
491,Giorgia Trahmel
492,Adelbert Storck
493,Daniel Bonnyson
494,Nollie Lavallie
495,Meier Birney
496,Kippy Crux
497,Fancy Towll
498,Lyndell Statefield
499,Denver Wigley
500,Darin Dunkersley
501,Rosalyn Bauman
502,Kelsey Hatley
503,Bentley Piggford
504,Claudius Luchetti
505,Beitris Hyett
506,Dorian Neilson
507,Gris Sapsforde
508,Parker Squeers
509,Ermentrude Ghilardi
510,Cirstoforo Loutheane
511,Arliene Petric
512,Mill Shears
513,Joni Wasmer
514,Ellyn Densie
515,Amelie Cranmor
516,Amity Prosh
517,Hussein Poff
518,Brand Benbow
519,Daveta Cushworth
520,Sarena Sabate
521,Melosa Dobrovsky
522,Elsie Andrei
523,Tracey Jenckes
524,Free Swaine
525,Shurwood Snailham
526,Hillary Gwillim
527,Jermayne Joules
528,Abbot MacRury
529,Tremain Lancaster
530,Wildon Acock
531,Shurwood Dehmel
532,Wilbur Nurden
533,Jackie Hardaker
534,Gottfried Kettley
535,Mile Dwyr
536,Cherise Garham
537,Mame Prewett
538,Wit Weeks
539,Wandis Samwyse
540,Laurene Guirau
541,Brittan Bradman
542,Mirna Adenet
543,Luci MacTeague
544,Denis Toogood
545,Shirlee McKerlie
546,Helen-elizabeth Madsen
547,Brody Syvret
548,Bartram Janatka
549,Elfreda Mcall
550,Reta Mathews
551,Miriam McCowen
552,Rochelle Hicken
553,Bil McMonnies
554,Merralee Poland
555,Gabriel Sturgeon
556,Dolph Visco
557,Georgina Burch
558,Nikolos Valerio
559,Otes McGeraghty
560,Jed Mizzi
561,Remus Copyn
562,Ninon Bumphrey
563,Darice Schuster
564,Teri Grzelak
565,Phillis Tungate
566,Broddy Dimitriou
567,Julian Deniset
568,Maddalena Cartmael
569,Ansel Spikeings
570,Elmo Wetwood
571,Chane Victory
572,Markus Duplain
573,Timothea Hardway
574,Agathe Valance
575,Germayne Frill
576,Trescha Sauvain
577,Benita Odgaard
578,Ingar Cartlidge
579,Jerad Robardey
580,Eloise McPeake
581,Jourdain Cancelier
582,Valeda Leckey
583,Nichole Trussman
584,Claudina Vanni
585,Pammi Attfield
586,Brandy Guerreau
587,Violante Borth
588,Pasquale Redley
589,Clemente Veel
590,Heddi Rouch
591,Sibbie Grzegorczyk
592,Derick Llewellin
593,Lawry Poolman
594,Mady Holdworth
595,Claresta Bittlestone
596,Matthaeus Jubb
597,Bartie Brookwell
598,Aylmer Rivard
599,Teressa Clearley
600,Marlo Breissan
601,Stafford Poupard
602,Lyell Lergan
603,Veronike Hairsine
604,Kristal Dudman
605,Ralph Bangs
606,Cacilie Fowley
607,Rodolphe Shambrook
608,Mathe Bolles
609,Binny Rickesies
610,Baxie Aust
611,Bambie Varcoe
612,Ruthie Cosens
613,Cedric Cowcha
614,Judye Radford
615,Marty Netherwood
616,Sherill Chesswas
617,Kipper Chang
618,Bronson Rack
619,Gerhard Howland
620,Shelly Doumenc
621,Sheffield Yu
622,Layla Huc
623,Cynthia Dymocke
624,Cosmo Stanton
625,Carmine Tice
626,Kurtis Mably
627,Benjie Hewins
628,Issi Coldham
629,Moss Topp
630,Edmon Lorrimer
631,Hobey Cottee
632,Hanna Maggi
633,Michaella Lornsen
634,Cletis Jentin
635,Lewiss Grzeszczak
636,Editha Hambling
637,Lorin Dowbekin
638,Benjamin Alebrooke
639,Jordana Minchi
640,Marena Damato
641,Johann Juzek
642,Aurelea Priscott
643,Carlyn Enderlein
644,Cherlyn Craddock
645,Graeme Kolushev
646,Terra Aymes
647,Helenelizabeth Gibby
648,Chrisse Sandifer
649,Christan Robiot
650,Chastity Hupe
651,Tilda Tredgold
652,Haily Battell
653,Shelagh Pim
654,Lev Bayston
655,Herrick Hiscoke
656,Caressa Rearie
657,Josselyn Askell
658,Constantia Farries
659,Mischa Sprowson
660,Horace Clevely
661,Jerrilyn Narraway
662,Lea Olivie
663,Norry Surmeyers
664,Tabby Conley
665,Wain Jumeau
666,Burtie Grelak
667,Ulrikaumeko Pretley
668,Lamond Le Leu
669,Stearn Banke
670,Hedi Aviss
671,Mylo Leamy
672,Karil Fishly
673,Ursuline Ziehms
674,Ursula Keeping
675,Carroll Fattore
676,Brooks Brunon
677,Norri Nuttall
678,Bennett Di Batista
679,Zea Joriot
680,Virgie Ludye
681,Krissy Ebben
682,Putnem Sired
683,Mina Shilleto
684,Alisha Pietersma
685,Morgun Agdahl
686,Cherrita Craythorn
687,Bibby Janson
688,Mireielle Stennett
689,Christan Cockell
690,Madlin Livick
691,Calley Joney
692,Engracia Mc Coughan
693,Shirleen Center
694,Cheri Philcott
695,Burke Dudderidge
696,Perl Fruser
697,Drud Frowen
698,Pren Dunstan
699,Sherman Portugal
700,Gavra Twigg
701,Kare Sedwick
702,Rafe Hardwick
703,Catharina Yarnton
704,Jori Annets
705,Marmaduke Cargen
706,Iver Vause
707,Astrid Kuhl
708,Lethia Hintzer
709,Seka Janku
710,Devon Torpie
711,Berk Antognoni
712,Bradly Decruse
713,Brinna Gauntley
714,Valentino Tresler
715,Tammi Grinnov
716,Duke Hannum
717,Karlen Josling
718,Delphinia Baglin
719,Georgette Vedenyapin
720,Yetta Paulon
721,Nissy Stallybrass
722,Tristam Bruna
723,Dasya Lumm
724,Lavinia Monger
725,Eda Cortin
726,Karlee Hills
727,Tilda Coppo
728,Averill Ladbrook
729,Bronson Ricards
730,Barnett Carvilla
731,Dian McHale
732,Harris Golbourn
733,Delinda Barensky
734,Alvie Barrett
735,Evita Breakey
736,Rodd Cresswell
737,Celina Ramelot
738,Alic McKinlay
739,Guglielmo Linnell
740,Marten Klagges
741,Zorah Skechley
742,Levy Shackelton
743,Brent McPartlin
744,Tabbatha Tordiffe
745,Dicky Whitcomb
746,Kathrine Himsworth
747,Jemmy Golsworthy
748,Lilias Sedgman
749,Jens McPharlain
750,Shepperd Showler
751,Ramona Seely
752,Lotta Endricci
753,Didi Trewman
754,Odie Bleddon
755,Tomkin Wreight
756,Gerek Osipov
757,Cesar Winchcombe
758,Leonelle Pybworth
759,Lock Skentelbury
760,Elisha Wadwell
761,Lucio Bills
762,Anthe Zorzenoni
763,Pyotr Collyns
764,Octavia Zanettini
765,Parrnell Islip
766,Kristian Mayers
767,Newton Bottomley
768,Edward Vaskin
769,Teodorico Halfhead
770,Dierdre Bradshaw
771,Bogey Alberts
772,Ethyl Pittendreigh
773,Hagen Cason
774,Osgood Errowe
775,Margarete Ivanikov
776,Shurlock Shuard
777,Ronda Mattersley
778,Wallas Furzey
779,Karlen Milham
780,Dionysus Cavee
781,Missy Corroyer
782,Zelig Lydden
783,Anatole Considine
784,Arluene Tynan
785,Alyss Eykel
786,Joey Littlewood
787,Silvan Simpkin
788,Kendell Quilliam
789,Randolph McGenis
790,Bernardine Whiteway
791,Eveleen Fortescue
792,Arthur Dachey
793,Bert Loughnan
794,Annmaria Batie
795,Barn Chesterton
796,Ezequiel Wedmore.
797,Rena Twitchings
798,Cammy Gingell
799,Ramonda Kalinowsky
800,Englebert Swyn
801,Darda Morshead
802,Gayler Downes
803,Nickie Medford
804,Wenda O'Canavan
805,Skip Hastin
806,Adrien Lohoar
807,Inger Treasaden
808,Howard Sainte Paul
809,Marie-jeanne Von Oertzen
810,Robinett Drissell
811,Carce Carmen
812,Woodrow Lapree
813,Layla Pryde
814,Cayla Loidl
815,Caye Algar
816,Lorne Bryer
817,Jamima Schaben
818,Jeramie Bedingfield
819,Raimondo Jahner
820,Lesley Shevell
821,Gillie McDermott
822,Valeda Scay
823,Fania Illidge
824,Vidovic Yashanov
825,Thornton Jeandel
826,Tessie Woolrich
827,William Steenson
828,Giffie Kardos-Stowe
829,Chrisse Quilter
830,Uriel Shimmings
831,Niven Ruby
832,Bernette Janecki
833,Lilllie Korda
834,Goldie Wiltshear
835,Kizzee Grigor
836,Mechelle Straniero
837,Danette Aglione
838,Patrica Daddow
839,Wallis Birtwhistle
840,Roderich Bulfield
841,Nicola Pragnell
842,Addie Alenichicov
843,Filbert Catton
844,Arabel Tarpey
845,Gasper Willoughley
846,Ripley Dudbridge
847,Fania Standring
848,Reggis Wasmer
849,Eb Solleme
850,Hamilton Trustrie
851,Marina Thow
852,Esta Sperring
853,Roxanne De Morena
854,Hewett Lillico
855,Bourke Goodfellow
856,Joaquin Von Salzberg
857,Maury Bloxland
858,Hunfredo Emeney
859,Joey Bartlett
860,Kelila Valasek
861,Joey Grisenthwaite
862,Odey Pyne
863,Monro Gunn
864,Kiley Whapples
865,Chic Drejer
866,Anita Moncrieffe
867,Hermy Hackly
868,Marla Le Pine
869,Dalila Asif
870,Urban Borman
871,Wendy de la Valette Parisot
872,Alastair O'Haire
873,Yasmin Stayte
874,Odella Ethersey
875,Charin Bilovsky
876,Olly D'Aeth
877,Cordy Ilyinski
878,Anton Regler
879,Elnar Thurlow
880,Clark Waiting
881,Lulita Lamperti
882,Anabelle Nardi
883,Mortimer Butson
884,Durante Gouny
885,Wandis Johananov
886,Claudian Hawkett
887,Rolland McSkeagan
888,Ive Sacase
889,Filberto Balshen
890,Roselin Bagg
891,Abagail Gomersal
892,Myles Schwerin
893,Kirsten Siddele
894,Piper Harlett
895,Davidson Gleder
896,Lonnie Trusler
897,Judie Tunnick
898,Verena Hampshaw
899,Nicky Mapp
900,Ramonda Prendiville
901,Angelique Caramuscia
902,Douglass Burde
903,Garrik Simants
904,Aland Gyer
905,Gelya Ogden
906,Lynsey Bamb
907,Bryon Piatkow
908,Rivy Guesford
909,Sullivan Asser
910,Lilli MacFadyen
911,Cyrille Leijs
912,Trueman Haig
913,Berti Miell
914,Honey Lerer
915,Baryram Leslie
916,Dulcy Hucke
917,Sorcha Mannooch
918,Letitia Bignall
919,Kevon Arpur
920,Claudius Blankau
921,Bond Arman
922,Rosco Blabey
923,Lucias Pikhno
924,Elise Moncrieffe
925,Nikoletta Scones
926,Bran Parfrey
927,Nancey Cardoe
928,Leighton Samms
929,Kathrine Perrycost
930,Alonzo Piggin
931,Grazia Bezley
932,Emery Cream
933,Bethina Hallt
934,Standford Aleso
935,Carena Tiplady
936,Rock MacVean
937,Fredric Meiklejohn
938,Ramona Inott
939,Lorain Fanthome
940,Faun Lomaz
941,Godiva Stoll
942,Kathye Weatherhead
943,Floris Carrel
944,Kort Lamborn
945,Gabrielle Yurocjkin
946,Perrine Hazlegrove
947,Tony Starmore
948,Colly Fuggles
949,Lori Cull
950,Trudi Whitworth
951,Bell Khotler
952,Rania Duerden
953,Ozzy Ferrarotti
954,Haydon Albion
955,Murvyn Beament
956,Carrie Binner
957,Simon Bellini
958,Marge Walesby
959,Benedetto Caulier
960,Abramo Bick
961,Cad Cromb
962,Brynne Garmey
963,Eugenia Ralston
964,Conni Saphir
965,Kameko Leonarde
966,Roana Pointin
967,Rod Ransbury
968,Christi Durrington
969,Jasun Blindermann
970,Federica Shivlin
971,Sybila Chieco
972,Barbara Creavin
973,Rosetta Hannibal
974,Lona Houseley
975,Jerald Raisbeck
976,Brett Hofner
977,Karlene Gudd
978,Hobie Bernetti
979,Guinna Ferencowicz
980,Ivy Josephs
981,Nowell Tucknott
982,Alejandrina Wollaston
983,Delphinia Reimer
984,Livy Donnelly
985,Janis Bodleigh
986,Odell Birch
987,Hayes MacUchadair
988,Cicily Spencelayh
989,Ralf Titterton
990,Charmane Beddows
991,Gerhard Eckhard
992,Luelle Katt
993,Gwenette Delph
994,Flemming Garth
995,Mary Dane
996,Freddy Cotterel
997,Waylen Bidgood
998,Daniele Chumley
999,Sarene Iban
1000,Skell Lorne
